{"main":"./index.html","name":"Client","description":"pc vdi client for os-easy","copyright":"武汉噢易云计算股份有限公司","website":"http://www.os-easy.com/","version":"4.4.3","node-remote":"*://*","chromium-args":"--args --touch-events=enabled --disable-web-security --allow-file-access-from-files --remote-debugging-port=9222","dom_storage_quota":10,"single-instance":true,"webkit":{"plugin":true,"java":false,"page-cache":false},"window":{"title":"云PC","icon":"./webpack/favicon.png","toolbar":false,"frame":false,"position":"center","width":800,"height":600,"min_width":800,"min_height":600,"max_width":2560,"max_height":1600,"resizable":false,"as_desktop":true,"always-on-top":false,"fullscreen":true,"show_in_taskbar":true,"show":true,"trasparent":false,"visible-on-all-workspaces":true,"kiosk":true}}